Fecha_Inicio,Fecha_Fin,Comunidad,Variacion
12010,22010,Nacional,"-0,2"
12010,22010,Andalucía,"-0,1"
12010,22010,Aragón,"-0,1"
12010,22010,"Asturias, Principado de","-0,2"
12010,22010,"Balears, Illes","-0,2"
12010,22010,Canarias,"-0,2"
12010,22010,Cantabria,"-0,4"
12010,22010,Castilla y León,"-0,2"
12010,22010,Castilla-La Mancha,"-0,3"
12010,22010,Cataluña,"-0,2"
12010,22010,Comunitat Valenciana,"-0,2"
12010,22010,Extremadura,"-0,1"
12010,22010,Galicia,"-0,3"
12010,22010,"Madrid, Comunidad de","-0,1"
12010,22010,"Murcia, Región de","-0,1"
12010,22010,"Navarra, Comunidad Foral de","-0,3"
12010,22010,País Vasco,"-0,3"
12010,22010,"Rioja, La","-0,1"
12010,22010,Ceuta,"-0,1"
12010,22010,Melilla,"-0,2"
22010,32010,Nacional,"0,7"
22010,32010,Andalucía,"0,8"
22010,32010,Aragón,"0,7"
22010,32010,"Asturias, Principado de","0,7"
22010,32010,"Balears, Illes","0,7"
22010,32010,Canarias,"0,7"
22010,32010,Cantabria,"0,6"
22010,32010,Castilla y León,"0,8"
22010,32010,Castilla-La Mancha,"0,8"
22010,32010,Cataluña,"0,7"
22010,32010,Comunitat Valenciana,"0,6"
22010,32010,Extremadura,"0,7"
22010,32010,Galicia,"0,9"
22010,32010,"Madrid, Comunidad de","0,7"
22010,32010,"Murcia, Región de","0,7"
22010,32010,"Navarra, Comunidad Foral de","0,9"
22010,32010,País Vasco,"0,8"
22010,32010,"Rioja, La","0,5"
22010,32010,Ceuta,"1,2"
22010,32010,Melilla,"1,6"
32010,42010,Nacional,"1,1"
32010,42010,Andalucía,"1,2"
32010,42010,Aragón,"1,0"
32010,42010,"Asturias, Principado de","1,2"
32010,42010,"Balears, Illes","0,6"
32010,42010,Canarias,"0,9"
32010,42010,Cantabria,"0,9"
32010,42010,Castilla y León,"1,0"
32010,42010,Castilla-La Mancha,"1,1"
32010,42010,Cataluña,"1,0"
32010,42010,Comunitat Valenciana,"1,2"
32010,42010,Extremadura,"1,4"
32010,42010,Galicia,"1,2"
32010,42010,"Madrid, Comunidad de","0,8"
32010,42010,"Murcia, Región de","1,4"
32010,42010,"Navarra, Comunidad Foral de","1,0"
32010,42010,País Vasco,"1,1"
32010,42010,"Rioja, La","1,8"
32010,42010,Ceuta,"1,2"
32010,42010,Melilla,"1,1"
42010,52010,Nacional,"0,2"
42010,52010,Andalucía,"0,2"
42010,52010,Aragón,"0,2"
42010,52010,"Asturias, Principado de","0,4"
42010,52010,"Balears, Illes","0,4"
42010,52010,Canarias,"0,2"
42010,52010,Cantabria,"0,3"
42010,52010,Castilla y León,"0,3"
42010,52010,Castilla-La Mancha,"0,3"
42010,52010,Cataluña,"0,3"
42010,52010,Comunitat Valenciana,"0,2"
42010,52010,Extremadura,"0,0"
42010,52010,Galicia,"0,3"
42010,52010,"Madrid, Comunidad de","0,1"
42010,52010,"Murcia, Región de","0,1"
42010,52010,"Navarra, Comunidad Foral de","0,6"
42010,52010,País Vasco,"0,2"
42010,52010,"Rioja, La","0,3"
42010,52010,Ceuta,"0,1"
42010,52010,Melilla,"0,3"
52010,62010,Nacional,"0,2"
52010,62010,Andalucía,"0,2"
52010,62010,Aragón,"0,1"
52010,62010,"Asturias, Principado de","0,2"
52010,62010,"Balears, Illes","0,2"
52010,62010,Canarias,"0,0"
52010,62010,Cantabria,"0,2"
52010,62010,Castilla y León,"0,1"
52010,62010,Castilla-La Mancha,"0,2"
52010,62010,Cataluña,"0,2"
52010,62010,Comunitat Valenciana,"0,2"
52010,62010,Extremadura,"0,2"
52010,62010,Galicia,"0,2"
52010,62010,"Madrid, Comunidad de","0,2"
52010,62010,"Murcia, Región de","0,2"
52010,62010,"Navarra, Comunidad Foral de","0,2"
52010,62010,País Vasco,"0,2"
52010,62010,"Rioja, La","0,3"
52010,62010,Ceuta,"0,1"
52010,62010,Melilla,"0,0"
62010,72010,Nacional,"-0,4"
62010,72010,Andalucía,"-0,6"
62010,72010,Aragón,"-0,5"
62010,72010,"Asturias, Principado de","-0,7"
62010,72010,"Balears, Illes","0,2"
62010,72010,Canarias,"-0,5"
62010,72010,Cantabria,"-0,1"
62010,72010,Castilla y León,"-0,4"
62010,72010,Castilla-La Mancha,"-0,7"
62010,72010,Cataluña,"-0,3"
62010,72010,Comunitat Valenciana,"-0,5"
62010,72010,Extremadura,"-0,7"
62010,72010,Galicia,"-0,7"
62010,72010,"Madrid, Comunidad de","-0,2"
62010,72010,"Murcia, Región de","-0,8"
62010,72010,"Navarra, Comunidad Foral de","-0,3"
62010,72010,País Vasco,"-0,4"
62010,72010,"Rioja, La","-1,0"
62010,72010,Ceuta,"-1,6"
62010,72010,Melilla,"-1,4"
72010,82010,Nacional,"0,3"
72010,82010,Andalucía,"0,3"
72010,82010,Aragón,"0,2"
72010,82010,"Asturias, Principado de","0,3"
72010,82010,"Balears, Illes","0,1"
72010,82010,Canarias,"0,0"
72010,82010,Cantabria,"0,3"
72010,82010,Castilla y León,"0,3"
72010,82010,Castilla-La Mancha,"0,2"
72010,82010,Cataluña,"0,3"
72010,82010,Comunitat Valenciana,"0,3"
72010,82010,Extremadura,"0,2"
72010,82010,Galicia,"0,2"
72010,82010,"Madrid, Comunidad de","0,3"
72010,82010,"Murcia, Región de","0,2"
72010,82010,"Navarra, Comunidad Foral de","0,0"
72010,82010,País Vasco,"0,3"
72010,82010,"Rioja, La","0,2"
72010,82010,Ceuta,"0,2"
72010,82010,Melilla,"0,1"
82010,92010,Nacional,"0,1"
82010,92010,Andalucía,"0,2"
82010,92010,Aragón,"0,1"
82010,92010,"Asturias, Principado de","0,0"
82010,92010,"Balears, Illes","-0,3"
82010,92010,Canarias,"0,0"
82010,92010,Cantabria,"0,0"
82010,92010,Castilla y León,"0,2"
82010,92010,Castilla-La Mancha,"0,2"
82010,92010,Cataluña,"0,0"
82010,92010,Comunitat Valenciana,"-0,1"
82010,92010,Extremadura,"0,2"
82010,92010,Galicia,"0,2"
82010,92010,"Madrid, Comunidad de","0,0"
82010,92010,"Murcia, Región de","0,0"
82010,92010,"Navarra, Comunidad Foral de","0,0"
82010,92010,País Vasco,"0,2"
82010,92010,"Rioja, La","-0,1"
82010,92010,Ceuta,"0,4"
82010,92010,Melilla,"0,8"
92010,102010,Nacional,"0,9"
92010,102010,Andalucía,"1,0"
92010,102010,Aragón,"1,2"
92010,102010,"Asturias, Principado de","1,1"
92010,102010,"Balears, Illes","0,2"
92010,102010,Canarias,"0,6"
92010,102010,Cantabria,"0,9"
92010,102010,Castilla y León,"1,0"
92010,102010,Castilla-La Mancha,"1,2"
92010,102010,Cataluña,"0,8"
92010,102010,Comunitat Valenciana,"1,0"
92010,102010,Extremadura,"1,3"
92010,102010,Galicia,"1,3"
92010,102010,"Madrid, Comunidad de","0,7"
92010,102010,"Murcia, Región de","1,2"
92010,102010,"Navarra, Comunidad Foral de","0,5"
92010,102010,País Vasco,"1,1"
92010,102010,"Rioja, La","1,3"
92010,102010,Ceuta,"0,9"
92010,102010,Melilla,"1,1"
102010,112010,Nacional,"0,5"
102010,112010,Andalucía,"0,6"
102010,112010,Aragón,"0,4"
102010,112010,"Asturias, Principado de","1,1"
102010,112010,"Balears, Illes","0,7"
102010,112010,Canarias,"0,5"
102010,112010,Cantabria,"0,8"
102010,112010,Castilla y León,"0,5"
102010,112010,Castilla-La Mancha,"0,6"
102010,112010,Cataluña,"0,5"
102010,112010,Comunitat Valenciana,"0,5"
102010,112010,Extremadura,"0,3"
102010,112010,Galicia,"0,6"
102010,112010,"Madrid, Comunidad de","0,5"
102010,112010,"Murcia, Región de","0,7"
102010,112010,"Navarra, Comunidad Foral de","0,9"
102010,112010,País Vasco,"0,5"
102010,112010,"Rioja, La","0,8"
102010,112010,Ceuta,"0,3"
102010,112010,Melilla,"0,3"
112010,122010,Nacional,"0,6"
112010,122010,Andalucía,"0,6"
112010,122010,Aragón,"0,6"
112010,122010,"Asturias, Principado de","0,4"
112010,122010,"Balears, Illes","0,5"
112010,122010,Canarias,"0,5"
112010,122010,Cantabria,"0,6"
112010,122010,Castilla y León,"0,6"
112010,122010,Castilla-La Mancha,"0,7"
112010,122010,Cataluña,"0,7"
112010,122010,Comunitat Valenciana,"0,6"
112010,122010,Extremadura,"0,6"
112010,122010,Galicia,"0,6"
112010,122010,"Madrid, Comunidad de","0,7"
112010,122010,"Murcia, Región de","0,6"
112010,122010,"Navarra, Comunidad Foral de","0,7"
112010,122010,País Vasco,"0,4"
112010,122010,"Rioja, La","0,7"
112010,122010,Ceuta,"0,7"
112010,122010,Melilla,"0,6"
122010,12011,Nacional,"-0,7"
122010,12011,Andalucía,"-0,9"
122010,12011,Aragón,"-0,8"
122010,12011,"Asturias, Principado de","-0,8"
122010,12011,"Balears, Illes","-0,4"
122010,12011,Canarias,"-0,3"
122010,12011,Cantabria,"-0,5"
122010,12011,Castilla y León,"-0,8"
122010,12011,Castilla-La Mancha,"-0,8"
122010,12011,Cataluña,"-0,6"
122010,12011,Comunitat Valenciana,"-0,6"
122010,12011,Extremadura,"-0,6"
122010,12011,Galicia,"-1,1"
122010,12011,"Madrid, Comunidad de","-0,6"
122010,12011,"Murcia, Región de","-1,0"
122010,12011,"Navarra, Comunidad Foral de","-1,1"
122010,12011,País Vasco,"-0,9"
122010,12011,"Rioja, La","-1,3"
122010,12011,Ceuta,"-1,3"
122010,12011,Melilla,"-1,4"
12011,22011,Nacional,"0,1"
12011,22011,Andalucía,"0,1"
12011,22011,Aragón,"0,2"
12011,22011,"Asturias, Principado de","0,3"
12011,22011,"Balears, Illes","0,3"
12011,22011,Canarias,"0,1"
12011,22011,Cantabria,"-0,1"
12011,22011,Castilla y León,"0,1"
12011,22011,Castilla-La Mancha,"0,1"
12011,22011,Cataluña,"0,1"
12011,22011,Comunitat Valenciana,"0,1"
12011,22011,Extremadura,"0,1"
12011,22011,Galicia,"0,1"
12011,22011,"Madrid, Comunidad de","0,2"
12011,22011,"Murcia, Región de","0,2"
12011,22011,"Navarra, Comunidad Foral de","0,1"
12011,22011,País Vasco,"0,1"
12011,22011,"Rioja, La","0,2"
12011,22011,Ceuta,"0,0"
12011,22011,Melilla,"-0,2"
22011,32011,Nacional,"0,7"
22011,32011,Andalucía,"0,9"
22011,32011,Aragón,"0,8"
22011,32011,"Asturias, Principado de","0,5"
22011,32011,"Balears, Illes","0,4"
22011,32011,Canarias,"0,9"
22011,32011,Cantabria,"0,6"
22011,32011,Castilla y León,"0,8"
22011,32011,Castilla-La Mancha,"0,9"
22011,32011,Cataluña,"0,6"
22011,32011,Comunitat Valenciana,"0,7"
22011,32011,Extremadura,"0,8"
22011,32011,Galicia,"0,9"
22011,32011,"Madrid, Comunidad de","0,7"
22011,32011,"Murcia, Región de","0,7"
22011,32011,"Navarra, Comunidad Foral de","1,0"
22011,32011,País Vasco,"0,8"
22011,32011,"Rioja, La","0,5"
22011,32011,Ceuta,"1,1"
22011,32011,Melilla,"1,1"
32011,42011,Nacional,"1,2"
32011,42011,Andalucía,"1,3"
32011,42011,Aragón,"1,3"
32011,42011,"Asturias, Principado de","1,4"
32011,42011,"Balears, Illes","1,0"
32011,42011,Canarias,"0,9"
32011,42011,Cantabria,"1,2"
32011,42011,Castilla y León,"1,2"
32011,42011,Castilla-La Mancha,"1,3"
32011,42011,Cataluña,"1,3"
32011,42011,Comunitat Valenciana,"1,3"
32011,42011,Extremadura,"1,5"
32011,42011,Galicia,"1,3"
32011,42011,"Madrid, Comunidad de","1,0"
32011,42011,"Murcia, Región de","1,5"
32011,42011,"Navarra, Comunidad Foral de","1,2"
32011,42011,País Vasco,"1,3"
32011,42011,"Rioja, La","2,0"
32011,42011,Ceuta,"1,5"
32011,42011,Melilla,"1,1"
42011,52011,Nacional,"0,0"
42011,52011,Andalucía,"0,0"
42011,52011,Aragón,"0,0"
42011,52011,"Asturias, Principado de","0,1"
42011,52011,"Balears, Illes","0,1"
42011,52011,Canarias,"0,1"
42011,52011,Cantabria,"0,0"
42011,52011,Castilla y León,"-0,1"
42011,52011,Castilla-La Mancha,"0,0"
42011,52011,Cataluña,"0,0"
42011,52011,Comunitat Valenciana,"0,0"
42011,52011,Extremadura,"-0,2"
42011,52011,Galicia,"0,0"
42011,52011,"Madrid, Comunidad de","-0,2"
42011,52011,"Murcia, Región de","-0,1"
42011,52011,"Navarra, Comunidad Foral de","0,1"
42011,52011,País Vasco,"-0,1"
42011,52011,"Rioja, La","0,0"
42011,52011,Ceuta,"0,0"
42011,52011,Melilla,"0,1"
52011,62011,Nacional,"-0,1"
52011,62011,Andalucía,"-0,2"
52011,62011,Aragón,"-0,2"
52011,62011,"Asturias, Principado de","-0,2"
52011,62011,"Balears, Illes","0,0"
52011,62011,Canarias,"-0,2"
52011,62011,Cantabria,"-0,2"
52011,62011,Castilla y León,"-0,1"
52011,62011,Castilla-La Mancha,"-0,2"
52011,62011,Cataluña,"-0,1"
52011,62011,Comunitat Valenciana,"-0,1"
52011,62011,Extremadura,"-0,1"
52011,62011,Galicia,"-0,1"
52011,62011,"Madrid, Comunidad de","-0,2"
52011,62011,"Murcia, Región de","-0,3"
52011,62011,"Navarra, Comunidad Foral de","-0,1"
52011,62011,País Vasco,"-0,1"
52011,62011,"Rioja, La","0,1"
52011,62011,Ceuta,"-0,1"
52011,62011,Melilla,"-0,1"
62011,72011,Nacional,"-0,5"
62011,72011,Andalucía,"-0,8"
62011,72011,Aragón,"-0,6"
62011,72011,"Asturias, Principado de","-0,8"
62011,72011,"Balears, Illes","-0,1"
62011,72011,Canarias,"-0,8"
62011,72011,Cantabria,"-0,2"
62011,72011,Castilla y León,"-0,4"
62011,72011,Castilla-La Mancha,"-0,7"
62011,72011,Cataluña,"-0,4"
62011,72011,Comunitat Valenciana,"-0,6"
62011,72011,Extremadura,"-0,8"
62011,72011,Galicia,"-0,8"
62011,72011,"Madrid, Comunidad de","-0,3"
62011,72011,"Murcia, Región de","-0,8"
62011,72011,"Navarra, Comunidad Foral de","-0,3"
62011,72011,País Vasco,"-0,5"
62011,72011,"Rioja, La","-1,1"
62011,72011,Ceuta,"-1,3"
62011,72011,Melilla,"-1,0"
72011,82011,Nacional,"0,1"
72011,82011,Andalucía,"0,1"
72011,82011,Aragón,"0,2"
72011,82011,"Asturias, Principado de","0,2"
72011,82011,"Balears, Illes","0,0"
72011,82011,Canarias,"0,1"
72011,82011,Cantabria,"0,0"
72011,82011,Castilla y León,"0,1"
72011,82011,Castilla-La Mancha,"0,0"
72011,82011,Cataluña,"0,1"
72011,82011,Comunitat Valenciana,"0,1"
72011,82011,Extremadura,"0,1"
72011,82011,Galicia,"0,1"
72011,82011,"Madrid, Comunidad de","0,2"
72011,82011,"Murcia, Región de","0,1"
72011,82011,"Navarra, Comunidad Foral de","-0,1"
72011,82011,País Vasco,"0,1"
72011,82011,"Rioja, La","0,2"
72011,82011,Ceuta,"0,2"
72011,82011,Melilla,"0,2"
82011,92011,Nacional,"0,2"
82011,92011,Andalucía,"0,4"
82011,92011,Aragón,"0,2"
82011,92011,"Asturias, Principado de","0,2"
82011,92011,"Balears, Illes","0,0"
82011,92011,Canarias,"0,1"
82011,92011,Cantabria,"0,1"
82011,92011,Castilla y León,"0,3"
82011,92011,Castilla-La Mancha,"0,4"
82011,92011,Cataluña,"0,2"
82011,92011,Comunitat Valenciana,"0,1"
82011,92011,Extremadura,"0,3"
82011,92011,Galicia,"0,3"
82011,92011,"Madrid, Comunidad de","0,2"
82011,92011,"Murcia, Región de","0,2"
82011,92011,"Navarra, Comunidad Foral de","0,2"
82011,92011,País Vasco,"0,3"
82011,92011,"Rioja, La","0,1"
82011,92011,Ceuta,"0,6"
82011,92011,Melilla,"0,6"
92011,102011,Nacional,"0,8"
92011,102011,Andalucía,"0,8"
92011,102011,Aragón,"1,0"
92011,102011,"Asturias, Principado de","0,9"
92011,102011,"Balears, Illes","0,4"
92011,102011,Canarias,"0,5"
92011,102011,Cantabria,"0,8"
92011,102011,Castilla y León,"0,9"
92011,102011,Castilla-La Mancha,"1,1"
92011,102011,Cataluña,"0,7"
92011,102011,Comunitat Valenciana,"0,8"
92011,102011,Extremadura,"1,1"
92011,102011,Galicia,"1,1"
92011,102011,"Madrid, Comunidad de","0,6"
92011,102011,"Murcia, Región de","1,1"
92011,102011,"Navarra, Comunidad Foral de","0,7"
92011,102011,País Vasco,"1,0"
92011,102011,"Rioja, La","1,1"
92011,102011,Ceuta,"1,1"
92011,102011,Melilla,"0,9"
102011,112011,Nacional,"0,4"
102011,112011,Andalucía,"0,4"
102011,112011,Aragón,"0,3"
102011,112011,"Asturias, Principado de","0,7"
102011,112011,"Balears, Illes","0,5"
102011,112011,Canarias,"0,4"
102011,112011,Cantabria,"0,7"
102011,112011,Castilla y León,"0,5"
102011,112011,Castilla-La Mancha,"0,5"
102011,112011,Cataluña,"0,4"
102011,112011,Comunitat Valenciana,"0,4"
102011,112011,Extremadura,"0,2"
102011,112011,Galicia,"0,5"
102011,112011,"Madrid, Comunidad de","0,3"
102011,112011,"Murcia, Región de","0,6"
102011,112011,"Navarra, Comunidad Foral de","0,7"
102011,112011,País Vasco,"0,4"
102011,112011,"Rioja, La","0,7"
102011,112011,Ceuta,"0,1"
102011,112011,Melilla,"0,2"
112011,122011,Nacional,"0,1"
112011,122011,Andalucía,"0,0"
112011,122011,Aragón,"0,0"
112011,122011,"Asturias, Principado de","0,1"
112011,122011,"Balears, Illes","0,2"
112011,122011,Canarias,"0,1"
112011,122011,Cantabria,"0,0"
112011,122011,Castilla y León,"0,1"
112011,122011,Castilla-La Mancha,"0,1"
112011,122011,Cataluña,"0,2"
112011,122011,Comunitat Valenciana,"0,0"
112011,122011,Extremadura,"0,1"
112011,122011,Galicia,"0,0"
112011,122011,"Madrid, Comunidad de","0,4"
112011,122011,"Murcia, Región de","0,0"
112011,122011,"Navarra, Comunidad Foral de","0,2"
112011,122011,País Vasco,"0,0"
112011,122011,"Rioja, La","0,3"
112011,122011,Ceuta,"0,1"
112011,122011,Melilla,"0,0"
122011,12012,Nacional,"-1,1"
122011,12012,Andalucía,"-1,3"
122011,12012,Aragón,"-1,1"
122011,12012,"Asturias, Principado de","-1,5"
122011,12012,"Balears, Illes","-0,6"
122011,12012,Canarias,"-0,9"
122011,12012,Cantabria,"-1,0"
122011,12012,Castilla y León,"-1,2"
122011,12012,Castilla-La Mancha,"-1,2"
122011,12012,Cataluña,"-0,9"
122011,12012,Comunitat Valenciana,"-0,8"
122011,12012,Extremadura,"-1,3"
122011,12012,Galicia,"-1,4"
122011,12012,"Madrid, Comunidad de","-1,1"
122011,12012,"Murcia, Región de","-1,4"
122011,12012,"Navarra, Comunidad Foral de","-1,4"
122011,12012,País Vasco,"-1,2"
122011,12012,"Rioja, La","-1,8"
122011,12012,Ceuta,"-1,5"
122011,12012,Melilla,"-1,7"
12012,22012,Nacional,"0,1"
12012,22012,Andalucía,"0,1"
12012,22012,Aragón,"0,1"
12012,22012,"Asturias, Principado de","0,1"
12012,22012,"Balears, Illes","-0,3"
12012,22012,Canarias,"0,3"
12012,22012,Cantabria,"-0,2"
12012,22012,Castilla y León,"0,1"
12012,22012,Castilla-La Mancha,"0,0"
12012,22012,Cataluña,"0,1"
12012,22012,Comunitat Valenciana,"0,2"
12012,22012,Extremadura,"0,1"
12012,22012,Galicia,"0,0"
12012,22012,"Madrid, Comunidad de","0,1"
12012,22012,"Murcia, Región de","0,1"
12012,22012,"Navarra, Comunidad Foral de","0,2"
12012,22012,País Vasco,"0,0"
12012,22012,"Rioja, La","0,2"
12012,22012,Ceuta,"0,1"
12012,22012,Melilla,"0,1"
22012,32012,Nacional,"0,7"
22012,32012,Andalucía,"0,7"
22012,32012,Aragón,"0,6"
22012,32012,"Asturias, Principado de","0,5"
22012,32012,"Balears, Illes","0,7"
22012,32012,Canarias,"0,7"
22012,32012,Cantabria,"0,5"
22012,32012,Castilla y León,"0,9"
22012,32012,Castilla-La Mancha,"0,7"
22012,32012,Cataluña,"0,6"
22012,32012,Comunitat Valenciana,"0,6"
22012,32012,Extremadura,"0,9"
22012,32012,Galicia,"0,7"
22012,32012,"Madrid, Comunidad de","0,5"
22012,32012,"Murcia, Región de","0,6"
22012,32012,"Navarra, Comunidad Foral de","0,7"
22012,32012,País Vasco,"0,8"
22012,32012,"Rioja, La","0,6"
22012,32012,Ceuta,"1,1"
22012,32012,Melilla,"1,1"
32012,42012,Nacional,"1,4"
32012,42012,Andalucía,"1,5"
32012,42012,Aragón,"1,5"
32012,42012,"Asturias, Principado de","1,5"
32012,42012,"Balears, Illes","1,2"
32012,42012,Canarias,"1,0"
32012,42012,Cantabria,"1,3"
32012,42012,Castilla y León,"1,4"
32012,42012,Castilla-La Mancha,"1,4"
32012,42012,Cataluña,"1,4"
32012,42012,Comunitat Valenciana,"1,5"
32012,42012,Extremadura,"1,6"
32012,42012,Galicia,"1,4"
32012,42012,"Madrid, Comunidad de","1,2"
32012,42012,"Murcia, Región de","1,8"
32012,42012,"Navarra, Comunidad Foral de","1,3"
32012,42012,País Vasco,"1,4"
32012,42012,"Rioja, La","1,9"
32012,42012,Ceuta,"1,5"
32012,42012,Melilla,"1,4"
42012,52012,Nacional,"-0,1"
42012,52012,Andalucía,"-0,2"
42012,52012,Aragón,"-0,2"
42012,52012,"Asturias, Principado de","-0,1"
42012,52012,"Balears, Illes","0,2"
42012,52012,Canarias,"-0,3"
42012,52012,Cantabria,"-0,2"
42012,52012,Castilla y León,"-0,2"
42012,52012,Castilla-La Mancha,"-0,1"
42012,52012,Cataluña,"-0,1"
42012,52012,Comunitat Valenciana,"-0,1"
42012,52012,Extremadura,"-0,3"
42012,52012,Galicia,"-0,2"
42012,52012,"Madrid, Comunidad de","-0,1"
42012,52012,"Murcia, Región de","-0,2"
42012,52012,"Navarra, Comunidad Foral de","-0,1"
42012,52012,País Vasco,"-0,2"
42012,52012,"Rioja, La","0,0"
42012,52012,Ceuta,"0,0"
42012,52012,Melilla,"-0,2"
52012,62012,Nacional,"-0,2"
52012,62012,Andalucía,"-0,2"
52012,62012,Aragón,"-0,3"
52012,62012,"Asturias, Principado de","-0,2"
52012,62012,"Balears, Illes","-0,1"
52012,62012,Canarias,"-0,3"
52012,62012,Cantabria,"0,1"
52012,62012,Castilla y León,"-0,2"
52012,62012,Castilla-La Mancha,"-0,3"
52012,62012,Cataluña,"-0,2"
52012,62012,Comunitat Valenciana,"-0,2"
52012,62012,Extremadura,"-0,2"
52012,62012,Galicia,"-0,1"
52012,62012,"Madrid, Comunidad de","-0,1"
52012,62012,"Murcia, Región de","-0,3"
52012,62012,"Navarra, Comunidad Foral de","-0,1"
52012,62012,País Vasco,"-0,2"
52012,62012,"Rioja, La","-0,1"
52012,62012,Ceuta,"-0,1"
52012,62012,Melilla,"-0,2"
62012,72012,Nacional,"-0,2"
62012,72012,Andalucía,"-0,4"
62012,72012,Aragón,"-0,4"
62012,72012,"Asturias, Principado de","-0,6"
62012,72012,"Balears, Illes","0,2"
62012,72012,Canarias,"0,3"
62012,72012,Cantabria,"0,2"
62012,72012,Castilla y León,"-0,3"
62012,72012,Castilla-La Mancha,"-0,4"
62012,72012,Cataluña,"0,0"
62012,72012,Comunitat Valenciana,"-0,4"
62012,72012,Extremadura,"-0,4"
62012,72012,Galicia,"-0,5"
62012,72012,"Madrid, Comunidad de","-0,1"
62012,72012,"Murcia, Región de","-0,6"
62012,72012,"Navarra, Comunidad Foral de","0,2"
62012,72012,País Vasco,"-0,4"
62012,72012,"Rioja, La","-0,8"
62012,72012,Ceuta,"-1,1"
62012,72012,Melilla,"-0,9"
72012,82012,Nacional,"0,6"
72012,82012,Andalucía,"0,5"
72012,82012,Aragón,"0,7"
72012,82012,"Asturias, Principado de","0,6"
72012,82012,"Balears, Illes","0,4"
72012,82012,Canarias,"0,5"
72012,82012,Cantabria,"0,8"
72012,82012,Castilla y León,"0,6"
72012,82012,Castilla-La Mancha,"0,6"
72012,82012,Cataluña,"0,6"
72012,82012,Comunitat Valenciana,"0,6"
72012,82012,Extremadura,"0,5"
72012,82012,Galicia,"0,7"
72012,82012,"Madrid, Comunidad de","0,5"
72012,82012,"Murcia, Región de","0,6"
72012,82012,"Navarra, Comunidad Foral de","0,3"
72012,82012,País Vasco,"0,6"
72012,82012,"Rioja, La","0,6"
72012,82012,Ceuta,"0,4"
72012,82012,Melilla,"0,6"
82012,92012,Nacional,"1,0"
82012,92012,Andalucía,"1,1"
82012,92012,Aragón,"0,9"
82012,92012,"Asturias, Principado de","0,8"
82012,92012,"Balears, Illes","0,9"
82012,92012,Canarias,"0,9"
82012,92012,Cantabria,"0,8"
82012,92012,Castilla y León,"1,0"
82012,92012,Castilla-La Mancha,"1,1"
82012,92012,Cataluña,"1,0"
82012,92012,Comunitat Valenciana,"0,9"
82012,92012,Extremadura,"1,0"
82012,92012,Galicia,"1,0"
82012,92012,"Madrid, Comunidad de","1,0"
82012,92012,"Murcia, Región de","1,0"
82012,92012,"Navarra, Comunidad Foral de","0,9"
82012,92012,País Vasco,"1,1"
82012,92012,"Rioja, La","0,9"
82012,92012,Ceuta,"0,9"
82012,92012,Melilla,"1,0"
92012,102012,Nacional,"0,8"
92012,102012,Andalucía,"0,7"
92012,102012,Aragón,"0,9"
92012,102012,"Asturias, Principado de","1,0"
92012,102012,"Balears, Illes","0,5"
92012,102012,Canarias,"0,5"
92012,102012,Cantabria,"0,8"
92012,102012,Castilla y León,"0,8"
92012,102012,Castilla-La Mancha,"0,9"
92012,102012,Cataluña,"1,0"
92012,102012,Comunitat Valenciana,"0,8"
92012,102012,Extremadura,"1,0"
92012,102012,Galicia,"1,1"
92012,102012,"Madrid, Comunidad de","0,8"
92012,102012,"Murcia, Región de","1,1"
92012,102012,"Navarra, Comunidad Foral de","0,6"
92012,102012,País Vasco,"0,9"
92012,102012,"Rioja, La","1,0"
92012,102012,Ceuta,"1,0"
92012,102012,Melilla,"0,8"
102012,112012,Nacional,"-0,1"
102012,112012,Andalucía,"-0,1"
102012,112012,Aragón,"-0,1"
102012,112012,"Asturias, Principado de","0,2"
102012,112012,"Balears, Illes","0,0"
102012,112012,Canarias,"-0,3"
102012,112012,Cantabria,"0,2"
102012,112012,Castilla y León,"-0,1"
102012,112012,Castilla-La Mancha,"-0,2"
102012,112012,Cataluña,"-0,2"
102012,112012,Comunitat Valenciana,"-0,1"
102012,112012,Extremadura,"-0,2"
102012,112012,Galicia,"-0,1"
102012,112012,"Madrid, Comunidad de","-0,3"
102012,112012,"Murcia, Región de","0,2"
102012,112012,"Navarra, Comunidad Foral de","0,2"
102012,112012,País Vasco,"0,0"
102012,112012,"Rioja, La","0,1"
102012,112012,Ceuta,"-0,1"
102012,112012,Melilla,"-0,3"
112012,122012,Nacional,"0,1"
112012,122012,Andalucía,"0,0"
112012,122012,Aragón,"0,0"
112012,122012,"Asturias, Principado de","0,0"
112012,122012,"Balears, Illes","0,0"
112012,122012,Canarias,"0,1"
112012,122012,Cantabria,"0,1"
112012,122012,Castilla y León,"0,1"
112012,122012,Castilla-La Mancha,"0,0"
112012,122012,Cataluña,"0,3"
112012,122012,Comunitat Valenciana,"0,0"
112012,122012,Extremadura,"0,0"
112012,122012,Galicia,"0,0"
112012,122012,"Madrid, Comunidad de","0,1"
112012,122012,"Murcia, Región de","0,0"
112012,122012,"Navarra, Comunidad Foral de","0,0"
112012,122012,País Vasco,"0,0"
112012,122012,"Rioja, La","0,2"
112012,122012,Ceuta,"0,0"
112012,122012,Melilla,"0,0"
122012,12013,Nacional,"-1,3"
122012,12013,Andalucía,"-1,4"
122012,12013,Aragón,"-1,2"
122012,12013,"Asturias, Principado de","-1,4"
122012,12013,"Balears, Illes","-1,0"
122012,12013,Canarias,"-1,2"
122012,12013,Cantabria,"-1,1"
122012,12013,Castilla y León,"-1,3"
122012,12013,Castilla-La Mancha,"-1,3"
122012,12013,Cataluña,"-1,2"
122012,12013,Comunitat Valenciana,"-1,2"
122012,12013,Extremadura,"-1,3"
122012,12013,Galicia,"-1,5"
122012,12013,"Madrid, Comunidad de","-1,2"
122012,12013,"Murcia, Región de","-1,5"
122012,12013,"Navarra, Comunidad Foral de","-1,4"
122012,12013,País Vasco,"-1,4"
122012,12013,"Rioja, La","-1,9"
122012,12013,Ceuta,"-1,9"
122012,12013,Melilla,"-2,2"
12013,22013,Nacional,"0,2"
12013,22013,Andalucía,"0,3"
12013,22013,Aragón,"0,2"
12013,22013,"Asturias, Principado de","0,2"
12013,22013,"Balears, Illes","0,0"
12013,22013,Canarias,"0,0"
12013,22013,Cantabria,"0,0"
12013,22013,Castilla y León,"0,2"
12013,22013,Castilla-La Mancha,"0,1"
12013,22013,Cataluña,"0,1"
12013,22013,Comunitat Valenciana,"0,2"
12013,22013,Extremadura,"0,2"
12013,22013,Galicia,"0,2"
12013,22013,"Madrid, Comunidad de","0,2"
12013,22013,"Murcia, Región de","0,2"
12013,22013,"Navarra, Comunidad Foral de","0,0"
12013,22013,País Vasco,"0,1"
12013,22013,"Rioja, La","0,2"
12013,22013,Ceuta,"-0,1"
12013,22013,Melilla,"0,2"
22013,32013,Nacional,"0,4"
22013,32013,Andalucía,"0,4"
22013,32013,Aragón,"0,3"
22013,32013,"Asturias, Principado de","0,2"
22013,32013,"Balears, Illes","0,3"
22013,32013,Canarias,"0,5"
22013,32013,Cantabria,"0,2"
22013,32013,Castilla y León,"0,3"
22013,32013,Castilla-La Mancha,"0,3"
22013,32013,Cataluña,"0,3"
22013,32013,Comunitat Valenciana,"0,3"
22013,32013,Extremadura,"0,4"
22013,32013,Galicia,"0,3"
22013,32013,"Madrid, Comunidad de","0,4"
22013,32013,"Murcia, Región de","0,3"
22013,32013,"Navarra, Comunidad Foral de","0,6"
22013,32013,País Vasco,"0,6"
22013,32013,"Rioja, La","0,1"
22013,32013,Ceuta,"0,7"
22013,32013,Melilla,"0,8"
32013,42013,Nacional,"0,4"
32013,42013,Andalucía,"0,5"
32013,42013,Aragón,"0,5"
32013,42013,"Asturias, Principado de","0,5"
32013,42013,"Balears, Illes","0,2"
32013,42013,Canarias,"0,2"
32013,42013,Cantabria,"0,4"
32013,42013,Castilla y León,"0,3"
32013,42013,Castilla-La Mancha,"0,4"
32013,42013,Cataluña,"0,3"
32013,42013,Comunitat Valenciana,"0,4"
32013,42013,Extremadura,"0,7"
32013,42013,Galicia,"0,4"
32013,42013,"Madrid, Comunidad de","0,1"
32013,42013,"Murcia, Región de","0,7"
32013,42013,"Navarra, Comunidad Foral de","0,2"
32013,42013,País Vasco,"0,5"
32013,42013,"Rioja, La","1,0"
32013,42013,Ceuta,"0,8"
32013,42013,Melilla,"0,5"
42013,52013,Nacional,"0,2"
42013,52013,Andalucía,"0,2"
42013,52013,Aragón,"0,1"
42013,52013,"Asturias, Principado de","0,2"
42013,52013,"Balears, Illes","0,3"
42013,52013,Canarias,"0,1"
42013,52013,Cantabria,"0,3"
42013,52013,Castilla y León,"0,2"
42013,52013,Castilla-La Mancha,"0,1"
42013,52013,Cataluña,"0,3"
42013,52013,Comunitat Valenciana,"0,2"
42013,52013,Extremadura,"0,1"
42013,52013,Galicia,"0,3"
42013,52013,"Madrid, Comunidad de","0,1"
42013,52013,"Murcia, Región de","0,3"
42013,52013,"Navarra, Comunidad Foral de","0,3"
42013,52013,País Vasco,"0,1"
42013,52013,"Rioja, La","0,3"
42013,52013,Ceuta,"0,3"
42013,52013,Melilla,"0,2"
52013,62013,Nacional,"0,1"
52013,62013,Andalucía,"0,1"
52013,62013,Aragón,"0,0"
52013,62013,"Asturias, Principado de","0,1"
52013,62013,"Balears, Illes","0,3"
52013,62013,Canarias,"0,0"
52013,62013,Cantabria,"0,3"
52013,62013,Castilla y León,"0,2"
52013,62013,Castilla-La Mancha,"0,2"
52013,62013,Cataluña,"0,2"
52013,62013,Comunitat Valenciana,"0,1"
52013,62013,Extremadura,"0,2"
52013,62013,Galicia,"0,2"
52013,62013,"Madrid, Comunidad de","0,2"
52013,62013,"Murcia, Región de","0,2"
52013,62013,"Navarra, Comunidad Foral de","0,2"
52013,62013,País Vasco,"0,1"
52013,62013,"Rioja, La","0,2"
52013,62013,Ceuta,"0,4"
52013,62013,Melilla,"0,1"
62013,72013,Nacional,"-0,5"
62013,72013,Andalucía,"-0,7"
62013,72013,Aragón,"-0,6"
62013,72013,"Asturias, Principado de","-0,7"
62013,72013,"Balears, Illes","-0,1"
62013,72013,Canarias,"-0,7"
62013,72013,Cantabria,"-0,2"
62013,72013,Castilla y León,"-0,4"
62013,72013,Castilla-La Mancha,"-0,6"
62013,72013,Cataluña,"-0,5"
62013,72013,Comunitat Valenciana,"-0,6"
62013,72013,Extremadura,"-0,8"
62013,72013,Galicia,"-0,7"
62013,72013,"Madrid, Comunidad de","-0,3"
62013,72013,"Murcia, Región de","-0,7"
62013,72013,"Navarra, Comunidad Foral de","0,1"
62013,72013,País Vasco,"-0,3"
62013,72013,"Rioja, La","-1,0"
62013,72013,Ceuta,"-1,5"
62013,72013,Melilla,"-1,4"
72013,82013,Nacional,"0,3"
72013,82013,Andalucía,"0,3"
72013,82013,Aragón,"0,4"
72013,82013,"Asturias, Principado de","0,4"
72013,82013,"Balears, Illes","0,1"
72013,82013,Canarias,"0,3"
72013,82013,Cantabria,"0,2"
72013,82013,Castilla y León,"0,4"
72013,82013,Castilla-La Mancha,"0,3"
72013,82013,Cataluña,"0,3"
72013,82013,Comunitat Valenciana,"0,4"
72013,82013,Extremadura,"0,2"
72013,82013,Galicia,"0,4"
72013,82013,"Madrid, Comunidad de","0,3"
72013,82013,"Murcia, Región de","0,3"
72013,82013,"Navarra, Comunidad Foral de","-0,4"
72013,82013,País Vasco,"0,4"
72013,82013,"Rioja, La","0,5"
72013,82013,Ceuta,"0,3"
72013,82013,Melilla,"0,2"
82013,92013,Nacional,"-0,2"
82013,92013,Andalucía,"-0,2"
82013,92013,Aragón,"-0,3"
82013,92013,"Asturias, Principado de","-0,3"
82013,92013,"Balears, Illes","-0,3"
82013,92013,Canarias,"0,2"
82013,92013,Cantabria,"-0,4"
82013,92013,Castilla y León,"-0,1"
82013,92013,Castilla-La Mancha,"-0,1"
82013,92013,Cataluña,"-0,3"
82013,92013,Comunitat Valenciana,"-0,3"
82013,92013,Extremadura,"-0,2"
82013,92013,Galicia,"-0,1"
82013,92013,"Madrid, Comunidad de","-0,1"
82013,92013,"Murcia, Región de","-0,4"
82013,92013,"Navarra, Comunidad Foral de","-0,3"
82013,92013,País Vasco,"-0,2"
82013,92013,"Rioja, La","-0,4"
82013,92013,Ceuta,"0,2"
82013,92013,Melilla,"0,6"
92013,102013,Nacional,"0,4"
92013,102013,Andalucía,"0,4"
92013,102013,Aragón,"0,7"
92013,102013,"Asturias, Principado de","0,5"
92013,102013,"Balears, Illes","0,0"
92013,102013,Canarias,"0,2"
92013,102013,Cantabria,"0,5"
92013,102013,Castilla y León,"0,3"
92013,102013,Castilla-La Mancha,"0,5"
92013,102013,Cataluña,"0,4"
92013,102013,Comunitat Valenciana,"0,4"
92013,102013,Extremadura,"0,6"
92013,102013,Galicia,"0,7"
92013,102013,"Madrid, Comunidad de","0,3"
92013,102013,"Murcia, Región de","0,6"
92013,102013,"Navarra, Comunidad Foral de","0,2"
92013,102013,País Vasco,"0,6"
92013,102013,"Rioja, La","0,6"
92013,102013,Ceuta,"0,7"
92013,102013,Melilla,"0,4"
102013,112013,Nacional,"0,2"
102013,112013,Andalucía,"0,3"
102013,112013,Aragón,"0,1"
102013,112013,"Asturias, Principado de","0,6"
102013,112013,"Balears, Illes","0,4"
102013,112013,Canarias,"0,0"
102013,112013,Cantabria,"0,6"
102013,112013,Castilla y León,"0,2"
102013,112013,Castilla-La Mancha,"0,1"
102013,112013,Cataluña,"0,1"
102013,112013,Comunitat Valenciana,"0,2"
102013,112013,Extremadura,"0,0"
102013,112013,Galicia,"0,3"
102013,112013,"Madrid, Comunidad de","0,1"
102013,112013,"Murcia, Región de","0,3"
102013,112013,"Navarra, Comunidad Foral de","0,4"
102013,112013,País Vasco,"0,2"
102013,112013,"Rioja, La","0,5"
102013,112013,Ceuta,"-0,1"
102013,112013,Melilla,"0,2"
112013,122013,Nacional,"0,1"
112013,122013,Andalucía,"0,0"
112013,122013,Aragón,"0,0"
112013,122013,"Asturias, Principado de","-0,1"
112013,122013,"Balears, Illes","0,2"
112013,122013,Canarias,"0,0"
112013,122013,Cantabria,"0,0"
112013,122013,Castilla y León,"0,1"
112013,122013,Castilla-La Mancha,"0,1"
112013,122013,Cataluña,"0,2"
112013,122013,Comunitat Valenciana,"0,1"
112013,122013,Extremadura,"0,0"
112013,122013,Galicia,"0,0"
112013,122013,"Madrid, Comunidad de","0,1"
112013,122013,"Murcia, Región de","0,1"
112013,122013,"Navarra, Comunidad Foral de","0,2"
112013,122013,País Vasco,"-0,1"
112013,122013,"Rioja, La","0,1"
112013,122013,Ceuta,"0,3"
112013,122013,Melilla,"0,2"
122013,12014,Nacional,"-1,3"
122013,12014,Andalucía,"-1,5"
122013,12014,Aragón,"-1,4"
122013,12014,"Asturias, Principado de","-1,6"
122013,12014,"Balears, Illes","-0,9"
122013,12014,Canarias,"-1,0"
122013,12014,Cantabria,"-1,4"
122013,12014,Castilla y León,"-1,4"
122013,12014,Castilla-La Mancha,"-1,5"
122013,12014,Cataluña,"-1,1"
122013,12014,Comunitat Valenciana,"-1,3"
122013,12014,Extremadura,"-1,4"
122013,12014,Galicia,"-1,5"
122013,12014,"Madrid, Comunidad de","-1,2"
122013,12014,"Murcia, Región de","-1,7"
122013,12014,"Navarra, Comunidad Foral de","-1,8"
122013,12014,País Vasco,"-1,4"
122013,12014,"Rioja, La","-2,0"
122013,12014,Ceuta,"-1,8"
122013,12014,Melilla,"-2,1"
12014,22014,Nacional,"0,0"
12014,22014,Andalucía,"0,0"
12014,22014,Aragón,"0,0"
12014,22014,"Asturias, Principado de","-0,1"
12014,22014,"Balears, Illes","-0,1"
12014,22014,Canarias,"0,0"
12014,22014,Cantabria,"-0,2"
12014,22014,Castilla y León,"-0,1"
12014,22014,Castilla-La Mancha,"-0,2"
12014,22014,Cataluña,"0,0"
12014,22014,Comunitat Valenciana,"-0,1"
12014,22014,Extremadura,"-0,1"
12014,22014,Galicia,"-0,1"
12014,22014,"Madrid, Comunidad de","0,0"
12014,22014,"Murcia, Región de","0,0"
12014,22014,"Navarra, Comunidad Foral de","0,0"
12014,22014,País Vasco,"-0,1"
12014,22014,"Rioja, La","0,0"
12014,22014,Ceuta,"0,0"
12014,22014,Melilla,"-0,2"
22014,32014,Nacional,"0,2"
22014,32014,Andalucía,"0,4"
22014,32014,Aragón,"0,1"
22014,32014,"Asturias, Principado de","0,1"
22014,32014,"Balears, Illes","0,1"
22014,32014,Canarias,"0,3"
22014,32014,Cantabria,"0,0"
22014,32014,Castilla y León,"0,2"
22014,32014,Castilla-La Mancha,"0,2"
22014,32014,Cataluña,"0,2"
22014,32014,Comunitat Valenciana,"0,2"
22014,32014,Extremadura,"0,2"
22014,32014,Galicia,"0,2"
22014,32014,"Madrid, Comunidad de","0,2"
22014,32014,"Murcia, Región de","0,1"
22014,32014,"Navarra, Comunidad Foral de","0,3"
22014,32014,País Vasco,"0,3"
22014,32014,"Rioja, La","0,1"
22014,32014,Ceuta,"1,0"
22014,32014,Melilla,"0,6"
32014,42014,Nacional,"0,9"
32014,42014,Andalucía,"0,9"
32014,42014,Aragón,"1,0"
32014,42014,"Asturias, Principado de","1,1"
32014,42014,"Balears, Illes","0,6"
32014,42014,Canarias,"0,6"
32014,42014,Cantabria,"0,8"
32014,42014,Castilla y León,"0,8"
32014,42014,Castilla-La Mancha,"1,0"
32014,42014,Cataluña,"0,9"
32014,42014,Comunitat Valenciana,"1,0"
32014,42014,Extremadura,"1,1"
32014,42014,Galicia,"0,9"
32014,42014,"Madrid, Comunidad de","0,7"
32014,42014,"Murcia, Región de","1,3"
32014,42014,"Navarra, Comunidad Foral de","0,9"
32014,42014,País Vasco,"1,0"
32014,42014,"Rioja, La","1,4"
32014,42014,Ceuta,"1,2"
32014,42014,Melilla,"1,0"
42014,52014,Nacional,"0,0"
42014,52014,Andalucía,"0,0"
42014,52014,Aragón,"0,0"
42014,52014,"Asturias, Principado de","0,1"
42014,52014,"Balears, Illes","0,2"
42014,52014,Canarias,"-0,2"
42014,52014,Cantabria,"0,1"
42014,52014,Castilla y León,"0,1"
42014,52014,Castilla-La Mancha,"-0,1"
42014,52014,Cataluña,"0,1"
42014,52014,Comunitat Valenciana,"0,1"
42014,52014,Extremadura,"-0,2"
42014,52014,Galicia,"0,1"
42014,52014,"Madrid, Comunidad de","0,0"
42014,52014,"Murcia, Región de","-0,1"
42014,52014,"Navarra, Comunidad Foral de","0,2"
42014,52014,País Vasco,"0,0"
42014,52014,"Rioja, La","0,1"
42014,52014,Ceuta,"0,0"
42014,52014,Melilla,"0,2"
52014,62014,Nacional,"0,0"
52014,62014,Andalucía,"-0,1"
52014,62014,Aragón,"0,0"
52014,62014,"Asturias, Principado de","0,0"
52014,62014,"Balears, Illes","0,2"
52014,62014,Canarias,"0,0"
52014,62014,Cantabria,"0,0"
52014,62014,Castilla y León,"0,1"
52014,62014,Castilla-La Mancha,"0,0"
52014,62014,Cataluña,"0,1"
52014,62014,Comunitat Valenciana,"-0,1"
52014,62014,Extremadura,"0,0"
52014,62014,Galicia,"0,1"
52014,62014,"Madrid, Comunidad de","0,1"
52014,62014,"Murcia, Región de","0,0"
52014,62014,"Navarra, Comunidad Foral de","0,2"
52014,62014,País Vasco,"0,1"
52014,62014,"Rioja, La","0,2"
52014,62014,Ceuta,"-0,3"
52014,62014,Melilla,"-0,1"
62014,72014,Nacional,"-0,9"
62014,72014,Andalucía,"-1,2"
62014,72014,Aragón,"-0,9"
62014,72014,"Asturias, Principado de","-1,2"
62014,72014,"Balears, Illes","-0,5"
62014,72014,Canarias,"-0,8"
62014,72014,Cantabria,"-0,6"
62014,72014,Castilla y León,"-1,0"
62014,72014,Castilla-La Mancha,"-1,2"
62014,72014,Cataluña,"-0,8"
62014,72014,Comunitat Valenciana,"-1,0"
62014,72014,Extremadura,"-1,3"
62014,72014,Galicia,"-1,2"
62014,72014,"Madrid, Comunidad de","-0,6"
62014,72014,"Murcia, Región de","-1,2"
62014,72014,"Navarra, Comunidad Foral de","-0,7"
62014,72014,País Vasco,"-0,9"
62014,72014,"Rioja, La","-1,4"
62014,72014,Ceuta,"-1,7"
62014,72014,Melilla,"-1,6"
72014,82014,Nacional,"0,2"
72014,82014,Andalucía,"0,2"
72014,82014,Aragón,"0,2"
72014,82014,"Asturias, Principado de","0,2"
72014,82014,"Balears, Illes","0,0"
72014,82014,Canarias,"0,0"
72014,82014,Cantabria,"0,2"
72014,82014,Castilla y León,"0,2"
72014,82014,Castilla-La Mancha,"0,1"
72014,82014,Cataluña,"0,2"
72014,82014,Comunitat Valenciana,"0,2"
72014,82014,Extremadura,"0,1"
72014,82014,Galicia,"0,2"
72014,82014,"Madrid, Comunidad de","0,2"
72014,82014,"Murcia, Región de","0,1"
72014,82014,"Navarra, Comunidad Foral de","-0,2"
72014,82014,País Vasco,"0,2"
72014,82014,"Rioja, La","0,2"
72014,82014,Ceuta,"0,1"
72014,82014,Melilla,"0,2"
82014,92014,Nacional,"0,2"
82014,92014,Andalucía,"0,3"
82014,92014,Aragón,"0,0"
82014,92014,"Asturias, Principado de","0,1"
82014,92014,"Balears, Illes","0,0"
82014,92014,Canarias,"0,1"
82014,92014,Cantabria,"0,0"
82014,92014,Castilla y León,"0,4"
82014,92014,Castilla-La Mancha,"0,3"
82014,92014,Cataluña,"-0,1"
82014,92014,Comunitat Valenciana,"0,1"
82014,92014,Extremadura,"0,4"
82014,92014,Galicia,"0,3"
82014,92014,"Madrid, Comunidad de","0,1"
82014,92014,"Murcia, Región de","0,1"
82014,92014,"Navarra, Comunidad Foral de","0,3"
82014,92014,País Vasco,"0,2"
82014,92014,"Rioja, La","0,3"
82014,92014,Ceuta,"0,4"
82014,92014,Melilla,"0,7"
92014,102014,Nacional,"0,5"
92014,102014,Andalucía,"0,5"
92014,102014,Aragón,"0,6"
92014,102014,"Asturias, Principado de","0,6"
92014,102014,"Balears, Illes","-0,1"
92014,102014,Canarias,"0,3"
92014,102014,Cantabria,"0,4"
92014,102014,Castilla y León,"0,5"
92014,102014,Castilla-La Mancha,"0,7"
92014,102014,Cataluña,"0,4"
92014,102014,Comunitat Valenciana,"0,4"
92014,102014,Extremadura,"0,8"
92014,102014,Galicia,"0,7"
92014,102014,"Madrid, Comunidad de","0,3"
92014,102014,"Murcia, Región de","0,7"
92014,102014,"Navarra, Comunidad Foral de","0,3"
92014,102014,País Vasco,"0,7"
92014,102014,"Rioja, La","0,7"
92014,102014,Ceuta,"0,8"
92014,102014,Melilla,"0,8"
102014,112014,Nacional,"-0,1"
102014,112014,Andalucía,"-0,1"
102014,112014,Aragón,"-0,1"
102014,112014,"Asturias, Principado de","0,3"
102014,112014,"Balears, Illes","0,1"
102014,112014,Canarias,"-0,1"
102014,112014,Cantabria,"0,3"
102014,112014,Castilla y León,"-0,1"
102014,112014,Castilla-La Mancha,"-0,2"
102014,112014,Cataluña,"0,0"
102014,112014,Comunitat Valenciana,"0,0"
102014,112014,Extremadura,"-0,3"
102014,112014,Galicia,"0,0"
102014,112014,"Madrid, Comunidad de","-0,3"
102014,112014,"Murcia, Región de","0,1"
102014,112014,"Navarra, Comunidad Foral de","0,3"
102014,112014,País Vasco,"0,0"
102014,112014,"Rioja, La","0,1"
102014,112014,Ceuta,"-0,1"
102014,112014,Melilla,"0,0"
112014,122014,Nacional,"-0,6"
112014,122014,Andalucía,"-0,7"
112014,122014,Aragón,"-0,7"
112014,122014,"Asturias, Principado de","-0,7"
112014,122014,"Balears, Illes","-0,5"
112014,122014,Canarias,"-0,3"
112014,122014,Cantabria,"-0,7"
112014,122014,Castilla y León,"-0,6"
112014,122014,Castilla-La Mancha,"-0,8"
112014,122014,Cataluña,"-0,4"
112014,122014,Comunitat Valenciana,"-0,7"
112014,122014,Extremadura,"-0,6"
112014,122014,Galicia,"-0,7"
112014,122014,"Madrid, Comunidad de","-0,5"
112014,122014,"Murcia, Región de","-0,7"
112014,122014,"Navarra, Comunidad Foral de","-0,7"
112014,122014,País Vasco,"-0,7"
112014,122014,"Rioja, La","-0,5"
112014,122014,Ceuta,"0,0"
112014,122014,Melilla,"-0,1"
122014,12015,Nacional,"-1,6"
122014,12015,Andalucía,"-1,7"
122014,12015,Aragón,"-1,8"
122014,12015,"Asturias, Principado de","-1,9"
122014,12015,"Balears, Illes","-1,2"
122014,12015,Canarias,"-1,4"
122014,12015,Cantabria,"-1,9"
122014,12015,Castilla y León,"-2,1"
122014,12015,Castilla-La Mancha,"-1,9"
122014,12015,Cataluña,"-1,4"
122014,12015,Comunitat Valenciana,"-1,5"
122014,12015,Extremadura,"-1,8"
122014,12015,Galicia,"-1,9"
122014,12015,"Madrid, Comunidad de","-1,3"
122014,12015,"Murcia, Región de","-1,9"
122014,12015,"Navarra, Comunidad Foral de","-2,0"
122014,12015,País Vasco,"-1,7"
122014,12015,"Rioja, La","-2,3"
122014,12015,Ceuta,"-2,1"
122014,12015,Melilla,"-2,1"
12015,22015,Nacional,"0,2"
12015,22015,Andalucía,"0,3"
12015,22015,Aragón,"0,2"
12015,22015,"Asturias, Principado de","0,2"
12015,22015,"Balears, Illes","0,1"
12015,22015,Canarias,"-0,1"
12015,22015,Cantabria,"-0,1"
12015,22015,Castilla y León,"0,1"
12015,22015,Castilla-La Mancha,"0,2"
12015,22015,Cataluña,"0,2"
12015,22015,Comunitat Valenciana,"0,3"
12015,22015,Extremadura,"0,2"
12015,22015,Galicia,"0,1"
12015,22015,"Madrid, Comunidad de","0,3"
12015,22015,"Murcia, Región de","0,3"
12015,22015,"Navarra, Comunidad Foral de","0,2"
12015,22015,País Vasco,"0,2"
12015,22015,"Rioja, La","0,3"
12015,22015,Ceuta,"-0,3"
12015,22015,Melilla,"-0,5"
22015,32015,Nacional,"0,6"
22015,32015,Andalucía,"0,6"
22015,32015,Aragón,"0,7"
22015,32015,"Asturias, Principado de","0,5"
22015,32015,"Balears, Illes","0,6"
22015,32015,Canarias,"0,8"
22015,32015,Cantabria,"0,6"
22015,32015,Castilla y León,"0,6"
22015,32015,Castilla-La Mancha,"0,7"
22015,32015,Cataluña,"0,7"
22015,32015,Comunitat Valenciana,"0,6"
22015,32015,Extremadura,"0,6"
22015,32015,Galicia,"0,6"
22015,32015,"Madrid, Comunidad de","0,6"
22015,32015,"Murcia, Región de","0,6"
22015,32015,"Navarra, Comunidad Foral de","0,8"
22015,32015,País Vasco,"0,6"
22015,32015,"Rioja, La","0,4"
22015,32015,Ceuta,"0,9"
22015,32015,Melilla,"0,9"
32015,42015,Nacional,"0,9"
32015,42015,Andalucía,"1,0"
32015,42015,Aragón,"1,0"
32015,42015,"Asturias, Principado de","1,1"
32015,42015,"Balears, Illes","0,8"
32015,42015,Canarias,"0,7"
32015,42015,Cantabria,"0,7"
32015,42015,Castilla y León,"0,9"
32015,42015,Castilla-La Mancha,"0,9"
32015,42015,Cataluña,"0,9"
32015,42015,Comunitat Valenciana,"1,1"
32015,42015,Extremadura,"1,1"
32015,42015,Galicia,"0,9"
32015,42015,"Madrid, Comunidad de","0,7"
32015,42015,"Murcia, Región de","1,3"
32015,42015,"Navarra, Comunidad Foral de","0,8"
32015,42015,País Vasco,"0,9"
32015,42015,"Rioja, La","1,4"
32015,42015,Ceuta,"1,2"
32015,42015,Melilla,"0,9"
42015,52015,Nacional,"0,5"
42015,52015,Andalucía,"0,5"
42015,52015,Aragón,"0,4"
42015,52015,"Asturias, Principado de","0,5"
42015,52015,"Balears, Illes","0,6"
42015,52015,Canarias,"0,2"
42015,52015,Cantabria,"0,7"
42015,52015,Castilla y León,"0,5"
42015,52015,Castilla-La Mancha,"0,5"
42015,52015,Cataluña,"0,5"
42015,52015,Comunitat Valenciana,"0,5"
42015,52015,Extremadura,"0,3"
42015,52015,Galicia,"0,5"
42015,52015,"Madrid, Comunidad de","0,4"
42015,52015,"Murcia, Región de","0,5"
42015,52015,"Navarra, Comunidad Foral de","0,6"
42015,52015,País Vasco,"0,5"
42015,52015,"Rioja, La","0,6"
42015,52015,Ceuta,"0,1"
42015,52015,Melilla,"0,3"
52015,62015,Nacional,"0,3"
52015,62015,Andalucía,"0,2"
52015,62015,Aragón,"0,3"
52015,62015,"Asturias, Principado de","0,2"
52015,62015,"Balears, Illes","0,5"
52015,62015,Canarias,"0,3"
52015,62015,Cantabria,"0,3"
52015,62015,Castilla y León,"0,4"
52015,62015,Castilla-La Mancha,"0,2"
52015,62015,Cataluña,"0,3"
52015,62015,Comunitat Valenciana,"0,3"
52015,62015,Extremadura,"0,2"
52015,62015,Galicia,"0,3"
52015,62015,"Madrid, Comunidad de","0,2"
52015,62015,"Murcia, Región de","0,2"
52015,62015,"Navarra, Comunidad Foral de","0,3"
52015,62015,País Vasco,"0,3"
52015,62015,"Rioja, La","0,5"
52015,62015,Ceuta,"0,1"
52015,62015,Melilla,"0,4"
62015,72015,Nacional,"-0,9"
62015,72015,Andalucía,"-1,1"
62015,72015,Aragón,"-1,1"
62015,72015,"Asturias, Principado de","-1,1"
62015,72015,"Balears, Illes","-0,3"
62015,72015,Canarias,"-0,8"
62015,72015,Cantabria,"-0,6"
62015,72015,Castilla y León,"-1,0"
62015,72015,Castilla-La Mancha,"-1,2"
62015,72015,Cataluña,"-0,8"
62015,72015,Comunitat Valenciana,"-1,0"
62015,72015,Extremadura,"-1,3"
62015,72015,Galicia,"-1,1"
62015,72015,"Madrid, Comunidad de","-0,7"
62015,72015,"Murcia, Región de","-1,1"
62015,72015,"Navarra, Comunidad Foral de","-0,7"
62015,72015,País Vasco,"-0,9"
62015,72015,"Rioja, La","-1,4"
62015,72015,Ceuta,"-1,5"
62015,72015,Melilla,"-1,4"
72015,82015,Nacional,"-0,3"
72015,82015,Andalucía,"-0,3"
72015,82015,Aragón,"-0,3"
72015,82015,"Asturias, Principado de","-0,3"
72015,82015,"Balears, Illes","-0,4"
72015,82015,Canarias,"-0,2"
72015,82015,Cantabria,"-0,5"
72015,82015,Castilla y León,"-0,4"
72015,82015,Castilla-La Mancha,"-0,5"
72015,82015,Cataluña,"-0,3"
72015,82015,Comunitat Valenciana,"-0,3"
72015,82015,Extremadura,"-0,5"
72015,82015,Galicia,"-0,3"
72015,82015,"Madrid, Comunidad de","-0,3"
72015,82015,"Murcia, Región de","-0,4"
72015,82015,"Navarra, Comunidad Foral de","-0,8"
72015,82015,País Vasco,"-0,3"
72015,82015,"Rioja, La","-0,3"
72015,82015,Ceuta,"0,1"
72015,82015,Melilla,"0,0"
82015,92015,Nacional,"-0,3"
82015,92015,Andalucía,"-0,2"
82015,92015,Aragón,"-0,4"
82015,92015,"Asturias, Principado de","-0,3"
82015,92015,"Balears, Illes","-0,6"
82015,92015,Canarias,"-0,4"
82015,92015,Cantabria,"-0,6"
82015,92015,Castilla y León,"-0,2"
82015,92015,Castilla-La Mancha,"-0,2"
82015,92015,Cataluña,"-0,4"
82015,92015,Comunitat Valenciana,"-0,4"
82015,92015,Extremadura,"-0,2"
82015,92015,Galicia,"-0,2"
82015,92015,"Madrid, Comunidad de","-0,3"
82015,92015,"Murcia, Región de","-0,3"
82015,92015,"Navarra, Comunidad Foral de","-0,2"
82015,92015,País Vasco,"-0,1"
82015,92015,"Rioja, La","-0,3"
82015,92015,Ceuta,"0,1"
82015,92015,Melilla,"0,3"
92015,102015,Nacional,"0,6"
92015,102015,Andalucía,"0,7"
92015,102015,Aragón,"0,8"
92015,102015,"Asturias, Principado de","0,7"
92015,102015,"Balears, Illes","0,1"
92015,102015,Canarias,"0,5"
92015,102015,Cantabria,"0,6"
92015,102015,Castilla y León,"0,7"
92015,102015,Castilla-La Mancha,"1,0"
92015,102015,Cataluña,"0,5"
92015,102015,Comunitat Valenciana,"0,6"
92015,102015,Extremadura,"1,1"
92015,102015,Galicia,"0,8"
92015,102015,"Madrid, Comunidad de","0,5"
92015,102015,"Murcia, Región de","0,9"
92015,102015,"Navarra, Comunidad Foral de","0,5"
92015,102015,País Vasco,"0,8"
92015,102015,"Rioja, La","0,9"
92015,102015,Ceuta,"0,9"
92015,102015,Melilla,"0,8"
102015,112015,Nacional,"0,4"
102015,112015,Andalucía,"0,4"
102015,112015,Aragón,"0,4"
102015,112015,"Asturias, Principado de","0,8"
102015,112015,"Balears, Illes","0,5"
102015,112015,Canarias,"0,2"
102015,112015,Cantabria,"0,8"
102015,112015,Castilla y León,"0,4"
102015,112015,Castilla-La Mancha,"0,4"
102015,112015,Cataluña,"0,3"
102015,112015,Comunitat Valenciana,"0,4"
102015,112015,Extremadura,"0,3"
102015,112015,Galicia,"0,5"
102015,112015,"Madrid, Comunidad de","0,2"
102015,112015,"Murcia, Región de","0,5"
102015,112015,"Navarra, Comunidad Foral de","0,8"
102015,112015,País Vasco,"0,3"
102015,112015,"Rioja, La","0,7"
102015,112015,Ceuta,"0,1"
102015,112015,Melilla,"0,3"
112015,122015,Nacional,"-0,3"
112015,122015,Andalucía,"-0,4"
112015,122015,Aragón,"-0,4"
112015,122015,"Asturias, Principado de","-0,4"
112015,122015,"Balears, Illes","-0,3"
112015,122015,Canarias,"-0,1"
112015,122015,Cantabria,"-0,4"
112015,122015,Castilla y León,"-0,3"
112015,122015,Castilla-La Mancha,"-0,4"
112015,122015,Cataluña,"-0,1"
112015,122015,Comunitat Valenciana,"-0,3"
112015,122015,Extremadura,"-0,2"
112015,122015,Galicia,"-0,4"
112015,122015,"Madrid, Comunidad de","-0,3"
112015,122015,"Murcia, Región de","-0,5"
112015,122015,"Navarra, Comunidad Foral de","-0,3"
112015,122015,País Vasco,"-0,3"
112015,122015,"Rioja, La","-0,3"
112015,122015,Ceuta,"-0,2"
112015,122015,Melilla,"0,0"
122015,12016,Nacional,"-1,9"
122015,12016,Andalucía,"-2,0"
122015,12016,Aragón,"-1,8"
122015,12016,"Asturias, Principado de","-2,1"
122015,12016,"Balears, Illes","-1,6"
122015,12016,Canarias,"-1,7"
122015,12016,Cantabria,"-1,9"
122015,12016,Castilla y León,"-2,3"
122015,12016,Castilla-La Mancha,"-2,2"
122015,12016,Cataluña,"-1,7"
122015,12016,Comunitat Valenciana,"-2,1"
122015,12016,Extremadura,"-2,0"
122015,12016,Galicia,"-2,2"
122015,12016,"Madrid, Comunidad de","-1,6"
122015,12016,"Murcia, Región de","-2,0"
122015,12016,"Navarra, Comunidad Foral de","-2,1"
122015,12016,País Vasco,"-2,0"
122015,12016,"Rioja, La","-2,5"
122015,12016,Ceuta,"-2,0"
122015,12016,Melilla,"-2,5"
12016,22016,Nacional,"-0,4"
12016,22016,Andalucía,"-0,4"
12016,22016,Aragón,"-0,4"
12016,22016,"Asturias, Principado de","-0,4"
12016,22016,"Balears, Illes","-0,4"
12016,22016,Canarias,"-0,2"
12016,22016,Cantabria,"-0,7"
12016,22016,Castilla y León,"-0,5"
12016,22016,Castilla-La Mancha,"-0,5"
12016,22016,Cataluña,"-0,3"
12016,22016,Comunitat Valenciana,"-0,3"
12016,22016,Extremadura,"-0,4"
12016,22016,Galicia,"-0,5"
12016,22016,"Madrid, Comunidad de","-0,2"
12016,22016,"Murcia, Región de","-0,3"
12016,22016,"Navarra, Comunidad Foral de","-0,4"
12016,22016,País Vasco,"-0,4"
12016,22016,"Rioja, La","-0,3"
12016,22016,Ceuta,"-0,4"
12016,22016,Melilla,"-0,6"
22016,32016,Nacional,"0,6"
22016,32016,Andalucía,"0,8"
22016,32016,Aragón,"0,6"
22016,32016,"Asturias, Principado de","0,6"
22016,32016,"Balears, Illes","0,5"
22016,32016,Canarias,"0,6"
22016,32016,Cantabria,"0,5"
22016,32016,Castilla y León,"0,7"
22016,32016,Castilla-La Mancha,"0,7"
22016,32016,Cataluña,"0,6"
22016,32016,Comunitat Valenciana,"0,6"
22016,32016,Extremadura,"0,7"
22016,32016,Galicia,"0,7"
22016,32016,"Madrid, Comunidad de","0,6"
22016,32016,"Murcia, Región de","0,7"
22016,32016,"Navarra, Comunidad Foral de","0,8"
22016,32016,País Vasco,"0,7"
22016,32016,"Rioja, La","0,4"
22016,32016,Ceuta,"0,9"
22016,32016,Melilla,"1,2"
32016,42016,Nacional,"0,7"
32016,42016,Andalucía,"0,8"
32016,42016,Aragón,"0,6"
32016,42016,"Asturias, Principado de","0,8"
32016,42016,"Balears, Illes","0,6"
32016,42016,Canarias,"0,6"
32016,42016,Cantabria,"0,5"
32016,42016,Castilla y León,"0,6"
32016,42016,Castilla-La Mancha,"0,8"
32016,42016,Cataluña,"0,7"
32016,42016,Comunitat Valenciana,"0,9"
32016,42016,Extremadura,"1,0"
32016,42016,Galicia,"0,8"
32016,42016,"Madrid, Comunidad de","0,4"
32016,42016,"Murcia, Región de","1,0"
32016,42016,"Navarra, Comunidad Foral de","0,5"
32016,42016,País Vasco,"0,7"
32016,42016,"Rioja, La","1,0"
32016,42016,Ceuta,"1,0"
32016,42016,Melilla,"0,9"
42016,52016,Nacional,"0,5"
42016,52016,Andalucía,"0,6"
42016,52016,Aragón,"0,6"
42016,52016,"Asturias, Principado de","0,7"
42016,52016,"Balears, Illes","0,6"
42016,52016,Canarias,"0,4"
42016,52016,Cantabria,"0,7"
42016,52016,Castilla y León,"0,6"
42016,52016,Castilla-La Mancha,"0,6"
42016,52016,Cataluña,"0,6"
42016,52016,Comunitat Valenciana,"0,6"
42016,52016,Extremadura,"0,4"
42016,52016,Galicia,"0,6"
42016,52016,"Madrid, Comunidad de","0,4"
42016,52016,"Murcia, Región de","0,6"
42016,52016,"Navarra, Comunidad Foral de","0,8"
42016,52016,País Vasco,"0,4"
42016,52016,"Rioja, La","0,7"
42016,52016,Ceuta,"0,2"
42016,52016,Melilla,"0,5"
52016,62016,Nacional,"0,5"
52016,62016,Andalucía,"0,4"
52016,62016,Aragón,"0,4"
52016,62016,"Asturias, Principado de","0,6"
52016,62016,"Balears, Illes","0,6"
52016,62016,Canarias,"0,4"
52016,62016,Cantabria,"0,6"
52016,62016,Castilla y León,"0,5"
52016,62016,Castilla-La Mancha,"0,5"
52016,62016,Cataluña,"0,5"
52016,62016,Comunitat Valenciana,"0,4"
52016,62016,Extremadura,"0,4"
52016,62016,Galicia,"0,5"
52016,62016,"Madrid, Comunidad de","0,5"
52016,62016,"Murcia, Región de","0,3"
52016,62016,"Navarra, Comunidad Foral de","0,4"
52016,62016,País Vasco,"0,5"
52016,62016,"Rioja, La","0,6"
52016,62016,Ceuta,"0,3"
52016,62016,Melilla,"0,3"
62016,72016,Nacional,"-0,7"
62016,72016,Andalucía,"-0,9"
62016,72016,Aragón,"-0,8"
62016,72016,"Asturias, Principado de","-0,9"
62016,72016,"Balears, Illes","-0,2"
62016,72016,Canarias,"-0,5"
62016,72016,Cantabria,"-0,4"
62016,72016,Castilla y León,"-0,8"
62016,72016,Castilla-La Mancha,"-1,0"
62016,72016,Cataluña,"-0,6"
62016,72016,Comunitat Valenciana,"-0,8"
62016,72016,Extremadura,"-1,0"
62016,72016,Galicia,"-1,0"
62016,72016,"Madrid, Comunidad de","-0,5"
62016,72016,"Murcia, Región de","-1,0"
62016,72016,"Navarra, Comunidad Foral de","-0,4"
62016,72016,País Vasco,"-0,7"
62016,72016,"Rioja, La","-1,4"
62016,72016,Ceuta,"-1,2"
62016,72016,Melilla,"-1,4"
72016,82016,Nacional,"0,1"
72016,82016,Andalucía,"0,1"
72016,82016,Aragón,"0,2"
72016,82016,"Asturias, Principado de","0,3"
72016,82016,"Balears, Illes","0,0"
72016,82016,Canarias,"0,0"
72016,82016,Cantabria,"0,0"
72016,82016,Castilla y León,"0,1"
72016,82016,Castilla-La Mancha,"0,1"
72016,82016,Cataluña,"0,2"
72016,82016,Comunitat Valenciana,"0,2"
72016,82016,Extremadura,"0,0"
72016,82016,Galicia,"0,2"
72016,82016,"Madrid, Comunidad de","0,1"
72016,82016,"Murcia, Región de","0,2"
72016,82016,"Navarra, Comunidad Foral de","-0,1"
72016,82016,País Vasco,"0,2"
72016,82016,"Rioja, La","0,3"
72016,82016,Ceuta,"0,0"
72016,82016,Melilla,"0,0"
82016,92016,Nacional,"0,0"
82016,92016,Andalucía,"0,2"
82016,92016,Aragón,"0,1"
82016,92016,"Asturias, Principado de","-0,1"
82016,92016,"Balears, Illes","-0,3"
82016,92016,Canarias,"0,1"
82016,92016,Cantabria,"-0,1"
82016,92016,Castilla y León,"0,3"
82016,92016,Castilla-La Mancha,"0,2"
82016,92016,Cataluña,"-0,1"
82016,92016,Comunitat Valenciana,"-0,2"
82016,92016,Extremadura,"0,2"
82016,92016,Galicia,"0,2"
82016,92016,"Madrid, Comunidad de","0,0"
82016,92016,"Murcia, Región de","-0,2"
82016,92016,"Navarra, Comunidad Foral de","0,0"
82016,92016,País Vasco,"0,1"
82016,92016,"Rioja, La","-0,1"
82016,92016,Ceuta,"0,6"
82016,92016,Melilla,"0,6"
92016,102016,Nacional,"1,1"
92016,102016,Andalucía,"1,2"
92016,102016,Aragón,"1,4"
92016,102016,"Asturias, Principado de","1,3"
92016,102016,"Balears, Illes","0,7"
92016,102016,Canarias,"0,9"
92016,102016,Cantabria,"1,2"
92016,102016,Castilla y León,"1,3"
92016,102016,Castilla-La Mancha,"1,4"
92016,102016,Cataluña,"1,0"
92016,102016,Comunitat Valenciana,"1,2"
92016,102016,Extremadura,"1,4"
92016,102016,Galicia,"1,4"
92016,102016,"Madrid, Comunidad de","0,9"
92016,102016,"Murcia, Región de","1,4"
92016,102016,"Navarra, Comunidad Foral de","0,9"
92016,102016,País Vasco,"1,3"
92016,102016,"Rioja, La","1,3"
92016,102016,Ceuta,"1,1"
92016,102016,Melilla,"1,3"
102016,112016,Nacional,"0,4"
102016,112016,Andalucía,"0,4"
102016,112016,Aragón,"0,2"
102016,112016,"Asturias, Principado de","0,5"
102016,112016,"Balears, Illes","0,5"
102016,112016,Canarias,"0,3"
102016,112016,Cantabria,"0,7"
102016,112016,Castilla y León,"0,3"
102016,112016,Castilla-La Mancha,"0,4"
102016,112016,Cataluña,"0,3"
102016,112016,Comunitat Valenciana,"0,4"
102016,112016,Extremadura,"0,2"
102016,112016,Galicia,"0,4"
102016,112016,"Madrid, Comunidad de","0,3"
102016,112016,"Murcia, Región de","0,4"
102016,112016,"Navarra, Comunidad Foral de","0,7"
102016,112016,País Vasco,"0,4"
102016,112016,"Rioja, La","0,8"
102016,112016,Ceuta,"0,2"
102016,112016,Melilla,"0,4"
112016,122016,Nacional,"0,6"
112016,122016,Andalucía,"0,5"
112016,122016,Aragón,"0,6"
112016,122016,"Asturias, Principado de","0,4"
112016,122016,"Balears, Illes","0,5"
112016,122016,Canarias,"0,4"
112016,122016,Cantabria,"0,5"
112016,122016,Castilla y León,"0,6"
112016,122016,Castilla-La Mancha,"0,7"
112016,122016,Cataluña,"0,8"
112016,122016,Comunitat Valenciana,"0,6"
112016,122016,Extremadura,"0,6"
112016,122016,Galicia,"0,5"
112016,122016,"Madrid, Comunidad de","0,6"
112016,122016,"Murcia, Región de","0,6"
112016,122016,"Navarra, Comunidad Foral de","0,6"
112016,122016,País Vasco,"0,5"
112016,122016,"Rioja, La","0,8"
112016,122016,Ceuta,"0,5"
112016,122016,Melilla,"0,7"
122016,12017,Nacional,"-0,5"
122016,12017,Andalucía,"-0,6"
122016,12017,Aragón,"-0,6"
122016,12017,"Asturias, Principado de","-0,8"
122016,12017,"Balears, Illes","-0,3"
122016,12017,Canarias,"-0,6"
122016,12017,Cantabria,"-0,4"
122016,12017,Castilla y León,"-0,6"
122016,12017,Castilla-La Mancha,"-0,6"
122016,12017,Cataluña,"-0,5"
122016,12017,Comunitat Valenciana,"-0,4"
122016,12017,Extremadura,"-0,7"
122016,12017,Galicia,"-0,7"
122016,12017,"Madrid, Comunidad de","-0,4"
122016,12017,"Murcia, Región de","-0,7"
122016,12017,"Navarra, Comunidad Foral de","-0,9"
122016,12017,País Vasco,"-0,6"
122016,12017,"Rioja, La","-1,0"
122016,12017,Ceuta,"-0,7"
122016,12017,Melilla,"-1,1"
12017,22017,Nacional,"-0,4"
12017,22017,Andalucía,"-0,4"
12017,22017,Aragón,"-0,3"
12017,22017,"Asturias, Principado de","-0,3"
12017,22017,"Balears, Illes","-0,4"
12017,22017,Canarias,"-0,2"
12017,22017,Cantabria,"-0,6"
12017,22017,Castilla y León,"-0,3"
12017,22017,Castilla-La Mancha,"-0,4"
12017,22017,Cataluña,"-0,3"
12017,22017,Comunitat Valenciana,"-0,5"
12017,22017,Extremadura,"-0,4"
12017,22017,Galicia,"-0,4"
12017,22017,"Madrid, Comunidad de","-0,3"
12017,22017,"Murcia, Región de","-0,4"
12017,22017,"Navarra, Comunidad Foral de","-0,4"
12017,22017,País Vasco,"-0,4"
12017,22017,"Rioja, La","-0,4"
12017,22017,Ceuta,"-0,5"
12017,22017,Melilla,"-0,5"
22017,32017,Nacional,"0,0"
22017,32017,Andalucía,"0,1"
22017,32017,Aragón,"-0,1"
22017,32017,"Asturias, Principado de","-0,2"
22017,32017,"Balears, Illes","0,0"
22017,32017,Canarias,"0,3"
22017,32017,Cantabria,"-0,2"
22017,32017,Castilla y León,"-0,2"
22017,32017,Castilla-La Mancha,"-0,1"
22017,32017,Cataluña,"0,0"
22017,32017,Comunitat Valenciana,"-0,1"
22017,32017,Extremadura,"-0,1"
22017,32017,Galicia,"0,0"
22017,32017,"Madrid, Comunidad de","-0,1"
22017,32017,"Murcia, Región de","-0,2"
22017,32017,"Navarra, Comunidad Foral de","0,0"
22017,32017,País Vasco,"0,1"
22017,32017,"Rioja, La","-0,3"
22017,32017,Ceuta,"0,5"
22017,32017,Melilla,"0,7"
32017,42017,Nacional,"1,0"
32017,42017,Andalucía,"1,0"
32017,42017,Aragón,"0,8"
32017,42017,"Asturias, Principado de","1,1"
32017,42017,"Balears, Illes","0,9"
32017,42017,Canarias,"0,8"
32017,42017,Cantabria,"0,6"
32017,42017,Castilla y León,"0,8"
32017,42017,Castilla-La Mancha,"0,9"
32017,42017,Cataluña,"0,9"
32017,42017,Comunitat Valenciana,"1,1"
32017,42017,Extremadura,"1,1"
32017,42017,Galicia,"0,9"
32017,42017,"Madrid, Comunidad de","1,0"
32017,42017,"Murcia, Región de","1,3"
32017,42017,"Navarra, Comunidad Foral de","0,8"
32017,42017,País Vasco,"0,9"
32017,42017,"Rioja, La","1,4"
32017,42017,Ceuta,"1,1"
32017,42017,Melilla,"1,0"
42017,52017,Nacional,"-0,1"
42017,52017,Andalucía,"0,0"
42017,52017,Aragón,"-0,1"
42017,52017,"Asturias, Principado de","-0,2"
42017,52017,"Balears, Illes","0,1"
42017,52017,Canarias,"0,1"
42017,52017,Cantabria,"0,1"
42017,52017,Castilla y León,"0,0"
42017,52017,Castilla-La Mancha,"-0,2"
42017,52017,Cataluña,"-0,1"
42017,52017,Comunitat Valenciana,"0,1"
42017,52017,Extremadura,"0,1"
42017,52017,Galicia,"0,0"
42017,52017,"Madrid, Comunidad de","-0,2"
42017,52017,"Murcia, Región de","-0,1"
42017,52017,"Navarra, Comunidad Foral de","0,0"
42017,52017,País Vasco,"-0,1"
42017,52017,"Rioja, La","0,1"
42017,52017,Ceuta,"0,0"
42017,52017,Melilla,"0,0"
52017,62017,Nacional,"0,0"
52017,62017,Andalucía,"-0,1"
52017,62017,Aragón,"0,0"
52017,62017,"Asturias, Principado de","0,1"
52017,62017,"Balears, Illes","0,2"
52017,62017,Canarias,"0,1"
52017,62017,Cantabria,"0,0"
52017,62017,Castilla y León,"0,0"
52017,62017,Castilla-La Mancha,"0,1"
52017,62017,Cataluña,"0,1"
52017,62017,Comunitat Valenciana,"0,0"
52017,62017,Extremadura,"0,0"
52017,62017,Galicia,"0,0"
52017,62017,"Madrid, Comunidad de","0,1"
52017,62017,"Murcia, Región de","-0,2"
52017,62017,"Navarra, Comunidad Foral de","0,0"
52017,62017,País Vasco,"0,0"
52017,62017,"Rioja, La","0,0"
52017,62017,Ceuta,"-0,1"
52017,62017,Melilla,"0,0"
62017,72017,Nacional,"-0,7"
62017,72017,Andalucía,"-0,9"
62017,72017,Aragón,"-0,8"
62017,72017,"Asturias, Principado de","-0,8"
62017,72017,"Balears, Illes","-0,2"
62017,72017,Canarias,"-0,7"
62017,72017,Cantabria,"-0,4"
62017,72017,Castilla y León,"-0,8"
62017,72017,Castilla-La Mancha,"-0,9"
62017,72017,Cataluña,"-0,5"
62017,72017,Comunitat Valenciana,"-0,7"
62017,72017,Extremadura,"-1,1"
62017,72017,Galicia,"-0,8"
62017,72017,"Madrid, Comunidad de","-0,6"
62017,72017,"Murcia, Región de","-1,1"
62017,72017,"Navarra, Comunidad Foral de","-0,3"
62017,72017,País Vasco,"-0,5"
62017,72017,"Rioja, La","-1,3"
62017,72017,Ceuta,"-1,3"
62017,72017,Melilla,"-1,2"
72017,82017,Nacional,"0,2"
72017,82017,Andalucía,"0,2"
72017,82017,Aragón,"0,2"
72017,82017,"Asturias, Principado de","0,4"
72017,82017,"Balears, Illes","0,1"
72017,82017,Canarias,"-0,1"
72017,82017,Cantabria,"0,4"
72017,82017,Castilla y León,"0,2"
72017,82017,Castilla-La Mancha,"0,2"
72017,82017,Cataluña,"0,3"
72017,82017,Comunitat Valenciana,"0,2"
72017,82017,Extremadura,"0,0"
72017,82017,Galicia,"0,3"
72017,82017,"Madrid, Comunidad de","0,2"
72017,82017,"Murcia, Región de","0,2"
72017,82017,"Navarra, Comunidad Foral de","-0,3"
72017,82017,País Vasco,"0,3"
72017,82017,"Rioja, La","0,1"
72017,82017,Ceuta,"0,0"
72017,82017,Melilla,"0,1"
82017,92017,Nacional,"0,2"
82017,92017,Andalucía,"0,4"
82017,92017,Aragón,"0,2"
82017,92017,"Asturias, Principado de","0,0"
82017,92017,"Balears, Illes","-0,1"
82017,92017,Canarias,"0,1"
82017,92017,Cantabria,"0,0"
82017,92017,Castilla y León,"0,3"
82017,92017,Castilla-La Mancha,"0,3"
82017,92017,Cataluña,"0,0"
82017,92017,Comunitat Valenciana,"0,0"
82017,92017,Extremadura,"0,3"
82017,92017,Galicia,"0,2"
82017,92017,"Madrid, Comunidad de","0,4"
82017,92017,"Murcia, Región de","-0,1"
82017,92017,"Navarra, Comunidad Foral de","0,1"
82017,92017,País Vasco,"0,1"
82017,92017,"Rioja, La","0,1"
82017,92017,Ceuta,"0,4"
82017,92017,Melilla,"0,7"
92017,102017,Nacional,"0,9"
92017,102017,Andalucía,"1,1"
92017,102017,Aragón,"1,3"
92017,102017,"Asturias, Principado de","1,0"
92017,102017,"Balears, Illes","0,4"
92017,102017,Canarias,"0,8"
92017,102017,Cantabria,"0,8"
92017,102017,Castilla y León,"1,1"
92017,102017,Castilla-La Mancha,"1,3"
92017,102017,Cataluña,"0,8"
92017,102017,Comunitat Valenciana,"1,0"
92017,102017,Extremadura,"1,3"
92017,102017,Galicia,"1,1"
92017,102017,"Madrid, Comunidad de","0,6"
92017,102017,"Murcia, Región de","1,2"
92017,102017,"Navarra, Comunidad Foral de","0,9"
92017,102017,País Vasco,"1,0"
92017,102017,"Rioja, La","1,3"
92017,102017,Ceuta,"1,0"
92017,102017,Melilla,"1,1"
102017,112017,Nacional,"0,5"
102017,112017,Andalucía,"0,5"
102017,112017,Aragón,"0,4"
102017,112017,"Asturias, Principado de","0,7"
102017,112017,"Balears, Illes","0,5"
102017,112017,Canarias,"0,5"
102017,112017,Cantabria,"0,8"
102017,112017,Castilla y León,"0,5"
102017,112017,Castilla-La Mancha,"0,5"
102017,112017,Cataluña,"0,4"
102017,112017,Comunitat Valenciana,"0,5"
102017,112017,Extremadura,"0,4"
102017,112017,Galicia,"0,7"
102017,112017,"Madrid, Comunidad de","0,3"
102017,112017,"Murcia, Región de","0,7"
102017,112017,"Navarra, Comunidad Foral de","0,8"
102017,112017,País Vasco,"0,4"
102017,112017,"Rioja, La","0,6"
102017,112017,Ceuta,"0,1"
102017,112017,Melilla,"0,4"
112017,122017,Nacional,"0,0"
112017,122017,Andalucía,"-0,1"
112017,122017,Aragón,"-0,1"
112017,122017,"Asturias, Principado de","0,0"
112017,122017,"Balears, Illes","0,0"
112017,122017,Canarias,"0,0"
112017,122017,Cantabria,"0,0"
112017,122017,Castilla y León,"0,0"
112017,122017,Castilla-La Mancha,"0,1"
112017,122017,Cataluña,"0,2"
112017,122017,Comunitat Valenciana,"0,0"
112017,122017,Extremadura,"0,0"
112017,122017,Galicia,"-0,1"
112017,122017,"Madrid, Comunidad de","0,2"
112017,122017,"Murcia, Región de","0,0"
112017,122017,"Navarra, Comunidad Foral de","0,0"
112017,122017,País Vasco,"0,0"
112017,122017,"Rioja, La","0,0"
112017,122017,Ceuta,"0,1"
112017,122017,Melilla,"0,2"
122017,12018,Nacional,"-1,1"
122017,12018,Andalucía,"-1,3"
122017,12018,Aragón,"-1,0"
122017,12018,"Asturias, Principado de","-1,3"
122017,12018,"Balears, Illes","-0,9"
122017,12018,Canarias,"-0,9"
122017,12018,Cantabria,"-1,2"
122017,12018,Castilla y León,"-1,1"
122017,12018,Castilla-La Mancha,"-1,1"
122017,12018,Cataluña,"-0,9"
122017,12018,Comunitat Valenciana,"-1,1"
122017,12018,Extremadura,"-1,3"
122017,12018,Galicia,"-1,3"
122017,12018,"Madrid, Comunidad de","-0,8"
122017,12018,"Murcia, Región de","-1,2"
122017,12018,"Navarra, Comunidad Foral de","-1,2"
122017,12018,País Vasco,"-1,2"
122017,12018,"Rioja, La","-1,3"
122017,12018,Ceuta,"-1,6"
122017,12018,Melilla,"-1,8"
12018,22018,Nacional,"0,1"
12018,22018,Andalucía,"0,2"
12018,22018,Aragón,"0,2"
12018,22018,"Asturias, Principado de","0,1"
12018,22018,"Balears, Illes","0,0"
12018,22018,Canarias,"0,4"
12018,22018,Cantabria,"0,0"
12018,22018,Castilla y León,"0,0"
12018,22018,Castilla-La Mancha,"-0,1"
12018,22018,Cataluña,"0,2"
12018,22018,Comunitat Valenciana,"0,2"
12018,22018,Extremadura,"0,1"
12018,22018,Galicia,"0,0"
12018,22018,"Madrid, Comunidad de","0,1"
12018,22018,"Murcia, Región de","0,2"
12018,22018,"Navarra, Comunidad Foral de","0,1"
12018,22018,País Vasco,"0,1"
12018,22018,"Rioja, La","0,2"
12018,22018,Ceuta,"0,0"
12018,22018,Melilla,"0,0"
22018,32018,Nacional,"0,1"
22018,32018,Andalucía,"0,1"
22018,32018,Aragón,"0,0"
22018,32018,"Asturias, Principado de","0,0"
22018,32018,"Balears, Illes","0,1"
22018,32018,Canarias,"0,1"
22018,32018,Cantabria,"0,0"
22018,32018,Castilla y León,"0,1"
22018,32018,Castilla-La Mancha,"0,1"
22018,32018,Cataluña,"0,1"
22018,32018,Comunitat Valenciana,"0,1"
22018,32018,Extremadura,"0,2"
22018,32018,Galicia,"0,1"
22018,32018,"Madrid, Comunidad de","0,2"
22018,32018,"Murcia, Región de","0,1"
22018,32018,"Navarra, Comunidad Foral de","0,2"
22018,32018,País Vasco,"0,3"
22018,32018,"Rioja, La","-0,1"
22018,32018,Ceuta,"0,6"
22018,32018,Melilla,"0,4"
32018,42018,Nacional,"0,8"
32018,42018,Andalucía,"0,9"
32018,42018,Aragón,"0,8"
32018,42018,"Asturias, Principado de","0,9"
32018,42018,"Balears, Illes","0,9"
32018,42018,Canarias,"0,7"
32018,42018,Cantabria,"0,7"
32018,42018,Castilla y León,"0,8"
32018,42018,Castilla-La Mancha,"1,0"
32018,42018,Cataluña,"0,7"
32018,42018,Comunitat Valenciana,"0,9"
32018,42018,Extremadura,"1,1"
32018,42018,Galicia,"1,0"
32018,42018,"Madrid, Comunidad de","0,7"
32018,42018,"Murcia, Región de","1,1"
32018,42018,"Navarra, Comunidad Foral de","0,7"
32018,42018,País Vasco,"0,8"
32018,42018,"Rioja, La","1,2"
32018,42018,Ceuta,"1,0"
32018,42018,Melilla,"1,0"
42018,52018,Nacional,"0,9"
42018,52018,Andalucía,"0,9"
42018,52018,Aragón,"0,9"
42018,52018,"Asturias, Principado de","1,0"
42018,52018,"Balears, Illes","1,1"
42018,52018,Canarias,"0,7"
42018,52018,Cantabria,"1,0"
42018,52018,Castilla y León,"1,0"
42018,52018,Castilla-La Mancha,"1,0"
42018,52018,Cataluña,"0,9"
42018,52018,Comunitat Valenciana,"1,0"
42018,52018,Extremadura,"0,8"
42018,52018,Galicia,"0,8"
42018,52018,"Madrid, Comunidad de","0,8"
42018,52018,"Murcia, Región de","0,8"
42018,52018,"Navarra, Comunidad Foral de","1,2"
42018,52018,País Vasco,"0,8"
42018,52018,"Rioja, La","1,1"
42018,52018,Ceuta,"0,5"
42018,52018,Melilla,"0,7"
52018,62018,Nacional,"0,3"
52018,62018,Andalucía,"0,2"
52018,62018,Aragón,"0,2"
52018,62018,"Asturias, Principado de","0,3"
52018,62018,"Balears, Illes","0,4"
52018,62018,Canarias,"0,3"
52018,62018,Cantabria,"0,4"
52018,62018,Castilla y León,"0,4"
52018,62018,Castilla-La Mancha,"0,3"
52018,62018,Cataluña,"0,3"
52018,62018,Comunitat Valenciana,"0,3"
52018,62018,Extremadura,"0,3"
52018,62018,Galicia,"0,3"
52018,62018,"Madrid, Comunidad de","0,2"
52018,62018,"Murcia, Región de","0,3"
52018,62018,"Navarra, Comunidad Foral de","0,3"
52018,62018,País Vasco,"0,2"
52018,62018,"Rioja, La","0,3"
52018,62018,Ceuta,"0,3"
52018,62018,Melilla,"0,3"
62018,72018,Nacional,"-0,7"
62018,72018,Andalucía,"-1,0"
62018,72018,Aragón,"-0,7"
62018,72018,"Asturias, Principado de","-0,7"
62018,72018,"Balears, Illes","-0,5"
62018,72018,Canarias,"-0,9"
62018,72018,Cantabria,"-0,5"
62018,72018,Castilla y León,"-0,8"
62018,72018,Castilla-La Mancha,"-0,9"
62018,72018,Cataluña,"-0,6"
62018,72018,Comunitat Valenciana,"-0,8"
62018,72018,Extremadura,"-1,1"
62018,72018,Galicia,"-0,8"
62018,72018,"Madrid, Comunidad de","-0,5"
62018,72018,"Murcia, Región de","-1,1"
62018,72018,"Navarra, Comunidad Foral de","-0,3"
62018,72018,País Vasco,"-0,5"
62018,72018,"Rioja, La","-1,1"
62018,72018,Ceuta,"-1,2"
62018,72018,Melilla,"-1,3"
72018,82018,Nacional,"0,1"
72018,82018,Andalucía,"0,2"
72018,82018,Aragón,"0,1"
72018,82018,"Asturias, Principado de","0,3"
72018,82018,"Balears, Illes","0,1"
72018,82018,Canarias,"0,2"
72018,82018,Cantabria,"0,3"
72018,82018,Castilla y León,"0,1"
72018,82018,Castilla-La Mancha,"0,1"
72018,82018,Cataluña,"0,2"
72018,82018,Comunitat Valenciana,"0,3"
72018,82018,Extremadura,"0,1"
72018,82018,Galicia,"0,2"
72018,82018,"Madrid, Comunidad de","0,0"
72018,82018,"Murcia, Región de","0,2"
72018,82018,"Navarra, Comunidad Foral de","-0,3"
72018,82018,País Vasco,"0,1"
72018,82018,"Rioja, La","0,1"
72018,82018,Ceuta,"0,1"
72018,82018,Melilla,"-0,5"
82018,92018,Nacional,"0,2"
82018,92018,Andalucía,"0,4"
82018,92018,Aragón,"0,3"
82018,92018,"Asturias, Principado de","-0,1"
82018,92018,"Balears, Illes","-0,1"
82018,92018,Canarias,"0,2"
82018,92018,Cantabria,"-0,2"
82018,92018,Castilla y León,"0,5"
82018,92018,Castilla-La Mancha,"0,5"
82018,92018,Cataluña,"0,1"
82018,92018,Comunitat Valenciana,"0,1"
82018,92018,Extremadura,"0,5"
82018,92018,Galicia,"0,3"
82018,92018,"Madrid, Comunidad de","0,4"
82018,92018,"Murcia, Región de","0,0"
82018,92018,"Navarra, Comunidad Foral de","0,2"
82018,92018,País Vasco,"0,1"
82018,92018,"Rioja, La","0,0"
82018,92018,Ceuta,"0,5"
82018,92018,Melilla,"0,7"
